OBJECTID,UCR,CRIME,DATE_,TIME,CASE,ADDRESS,BEAT,DIST,AT,X_COORD,Y_COORD
31457,235,Over 200$,1/22/2008,12:00,D130080153A,107 KIRK DR W,SW80,SW,80,146162.47,1646074.2
31458,235,Over 200$,9/7/2012,0:01,D130042957A,947 E MORRIS ST,SE10,SE,10,194299.98,1640517.81
31459,235,Over 200$,1/7/2013,13:21,D130002637A,1308 CENTRAL AV,NE10,NE,10,192390.67,1652571.63
31460,235,Over 200$,1/14/2013,12:30,D130006140A,1204 CENTRAL AV,NE10,NE,10,192394.66,1652076.56
31461,235,Over 200$,1/16/2013,18:56,D130007059A,1209 S RANDOLPH ST,SE10,SE,10,198558.27,1640132.47
31462,235,Over 200$,1/21/2013,9:00,D130012324A,7637 SANTA BARBARA DR,NW60,NW,60,167541.65,1691874.74
31463,235,Over 200$,1/24/2013,13:15,D130010387A,E 10TH ST & N TUXEDO ST,NE20,NE,20,203958.7,1651364.1
31464,235,Over 200$,2/5/2013,8:22,D130015501A,37 W 38TH ST,ND10,ND,10,189911.52,1667123.51
31465,235,Over 200$,2/6/2013,0:01,D130015980A,611 N CAPITOL AV,DT10,DT,10,189125.62,1649511.37
31466,235,Over 200$,2/13/2013,11:30,D130021884A,7409 CAROLLING WAY,SE50,SE,50,206845.55,1606867.79
31467,235,Over 200$,2/13/2013,18:29,D130019516A,55 MONUMENT CR,DT20,DT,20,190231.37,1646645.59
31468,235,Over 200$,2/17/2013,19:00,D130021115A,1642 S TALBOTT ST,SE20,SE,20,190397.5,1638257.44
31469,235,Over 200$,2/20/2013,18:00,D130022420A,1728 E KELLY ST,SE20,SE,20,197882.18,1634891.88
31470,235,Over 200$,3/8/2013,12:00,D130031677A,1201 INDIANA AV,NW10,NW,10,184127.03,1652330.23
31471,235,Over 200$,3/25/2013,15:00,D130037704A,327 W SOUTHERN AV,SW50,SW,50,188015.14,1632601.12
31472,235,Over 200$,3/26/2013,0:01,D130037609A,1416 PLEASANT ST,SE10,SE,10,196344.88,1641867
31473,235,Over 200$,3/28/2013,17:00,D130038220A,3819 PEBBLE CREEK DR,NW60,NW,60,171243.8,1695180.98
31474,235,Over 200$,3/30/2013,99:99,D130039948A,5917 CARVEL AV,ND50,ND,50,195235.54,1681007.21
31475,235,Over 200$,4/4/2013,0:01,D130048745A,835 E 81ST ST,ND70,ND,70,194169.95,1696274.98
31476,235,Over 200$,4/7/2013,18:19,D130042682A,927 N PENNSYLVANIA ST,DT20,DT,20,190786.07,1650871.67
31477,235,Over 200$,4/8/2013,0:01,D130043011A,5267 OAK LEAF DR,ND50,ND,50,196716.33,1676050.6
31478,235,Over 200$,4/16/2013,13:00,D130047048A,427 N COLLEGE AV,DT20,DT,20,193533.19,1648377.64
31479,235,Over 200$,4/18/2013,7:30,D130053092B,1140 DR M L KING JR ST,NW10,NW,10,187068.35,1651915.02
31480,235,Over 200$,4/22/2013,21:21,D130050057A,7509 NEW AUGUSTA RD,NW60,NW,60,168213.32,1690691.55
31481,235,Over 200$,4/25/2013,8:30,D130052573A,450 S MERIDIAN ST,DT30,DT,30,189768.06,1643938.53
31482,235,Over 200$,4/30/2013,16:19,D130053770A,2403 N DELAWARE ST,NE10,NE,10,191418.72,1658660.18
31483,235,Over 200$,5/1/2013,21:30,D130055007A,846 N TUXEDO ST,NE20,NE,20,203850.26,1650432.21
31484,235,Over 200$,5/5/2013,12:00,D130056215A,6770 STANHOPE WAY,NW80,NW,80,156034.32,1674822.97
31485,235,Over 200$,5/7/2013,22:00,D130057368A,1 VIRGINIA AV,DT40,DT,40,190448.34,1646092.18
31486,235,Over 200$,5/8/2013,1:00,D130057625A,1327 SANDY ANN LN,ND50,ND,50,196019,1676296.49
31487,235,Over 200$,5/12/2013,16:45,D130059598A,924 BROAD RIPPLE AV,ND50,ND,50,194480.88,1683618.07
31488,235,Over 200$,5/13/2013,14:00,D130075628A,1749 S DELAWARE ST,SE20,SE,20,190768.02,1637522.85
31489,235,Over 200$,5/13/2013,19:30,D130060671A,4350 N COLLEGE AV,ND10,ND,10,193694.76,1670961.63
31490,235,Over 200$,5/15/2013,13:00,D130064693A,623 LOCKERBIE ST,DT20,DT,20,193269.84,1647847.82
31491,235,Over 200$,5/16/2013,12:00,D131362121A,5960 E 42ND ST,ND30,ND,30,216114.48,1670274.91
31492,235,Over 200$,5/16/2013,12:00,D130061569A,101 W OHIO ST,DT10,DT,10,189359.97,1647190.45
31493,235,Over 200$,5/17/2013,11:02,D130062012A,6101 N KEYSTONE AV,ND50,ND,50,200871.17,1682827.18
31494,235,Over 200$,5/17/2013,18:00,D130063412A,501 MADISON AV,DT40,DT,40,190031.28,1643707.15
31495,235,Over 200$,5/18/2013,15:00,D130062890A,9306 CHERRY VALLEY CT,NE70,NE,70,233117.84,1671741.09
31496,235,Over 200$,5/19/2013,12:00,D130064692A,5925 CARVEL AV,ND50,ND,50,195339.16,1681134.31
31497,235,Over 200$,5/20/2013,7:50,D130063604A,1099 N MERIDIAN ST,DT20,DT,20,190379.25,1651428.92
31498,235,Over 200$,5/21/2013,5:30,D130063773A,1701 SENATE BL,NW10,NW,10,187901.73,1654479.62
31499,235,Over 200$,5/23/2013,0:01,D130064828A,8027 MC FARLAND CT,SE50,SE,50,203158.68,1603469.91
31500,235,Over 200$,5/23/2013,9:00,D130064950A,1365 E 86TH ST,ND70,ND,70,196162.15,1699145.34
31501,235,Over 200$,5/23/2013,12:00,D130067745A,222 N EAST ST,DT20,DT,20,192510.77,1647452.7
31502,235,Over 200$,5/26/2013,18:00,D130074109A,4425 S EMERSON AV,SE40,SE,40,211092.14,1622568.4
31503,235,Over 200$,5/28/2013,23:00,D130068383A,225 N NEW JERSEY STREET,DT20,DT,20,192166.95,1647490.34
31504,235,Over 200$,5/29/2013,17:50,D130068092A,914 DORMAN ST,NE20,NE,20,195327.22,1650709.87
31505,235,Over 200$,5/30/2013,13:00,D130068721A,1022 DR M L KING JR ST,DT10,DT,10,187069.41,1651385.83
31506,235,Over 200$,5/30/2013,16:00,D130068709A,5820 W 56TH ST,NW80,NW,80,160489.7,1677707.52
31507,235,Over 200$,5/30/2013,23:20,D130068838A,200 W MARYLAND ST,DT30,DT,30,188898.75,1645759.34
31508,235,Over 200$,5/31/2013,2:00,D130069024A,611 N PARK AV,DT20,DT,20,193158.47,1649464.88
31509,235,Over 200$,6/2/2013,20:33,D130070203A,3757 E NEW YORK ST,NE20,NE,20,205521.77,1647860.65
31510,235,Over 200$,6/4/2013,13:40,D130071015A,1051 BROOKS ST,NW10,NW,10,185678.8,1651502.35
31511,235,Over 200$,6/6/2013,8:00,D130074151A,757 MASSACHUSETTS AV,DT20,DT,20,193399.82,1649871.98
31512,235,Over 200$,6/6/2013,20:00,D130072299A,4911 ROCKVILLE RD,SW60,SW,60,165819.69,1645533.6
31513,235,Over 200$,6/6/2013,22:00,D130073096A,4310 BLUFF RD,SW50,SW,50,185984.97,1622601.94
31514,235,Over 200$,6/8/2013,10:42,D130073056A,4100 N PENNSYLVANIA ST,ND10,ND,10,191055.02,1669261.58
31515,235,Over 200$,6/13/2013,15:35,D130075655A,1216 KAPPES ST,SW20,SW,20,179683.96,1640332.79
31516,235,Over 200$,6/14/2013,18:00,D130077433A,444 E NORTH ST,DT20,DT,20,192389.54,1649235.47
31517,235,Over 200$,6/14/2013,21:10,D130076484A,5201 E 10TH ST,NE50,NE,50,211455.41,1651271.55
31518,235,Over 200$,6/15/2013,8:00,D130076610A,2210 E 46TH ST,ND10,ND,10,199621.59,1672845.4
31519,235,Over 200$,6/15/2013,16:00,D130076957A,3000 SHELBY ST,SE20,SE,20,195050.97,1630049.49
31520,235,Over 200$,6/16/2013,4:18,D130800023A,5145 BOULEVARD PL,ND50,ND,50,188508.75,1675087.6
31521,235,Over 200$,6/17/2013,99:99,D130082556A,725 WOODRUFF PL MIDDLE DR,NE20,NE,20,198303.72,1649958.97
31522,235,Over 200$,6/19/2013,5:50,D130078373A,N DELAWARE ST & E NEW YORK ST,DT20,DT,20,191014.44,1647735.12
31523,235,Over 200$,6/19/2013,11:06,D130078455A,254 S RITTER AV,NE50,NE,50,213685.29,1645795.54
31524,235,Over 200$,6/20/2013,1:30,D130079070A,1301 BARTH AV,SE10,SE,10,194854.87,1639870.47
31525,235,Over 200$,6/20/2013,12:00,D130089941A,402 W NEW YORK ST,DT10,DT,10,187930.18,1647861.43
31526,235,Over 200$,6/21/2013,12:48,D130079615A,2444 E WASHINGTON ST,NE20,NE,20,200492.01,1646667.99
31527,235,Over 200$,6/23/2013,12:00,D130081723A,6770 SPIRIT LAKE DR,ND50,ND,50,196447.34,1687692.12
31528,235,Over 200$,6/24/2013,17:30,D130081384A,W 16TH ST & N TIBBS AV,NW20,NW,20,173761.52,1653880.9
31529,235,Over 200$,6/24/2013,23:00,D130081372A,5509 FURNAS CT,SW70,SW,70,162132.08,1616111.03
31530,235,Over 200$,6/25/2013,22:14,D130081804A,649 JEFFERSON AV,NE20,NE,20,199641.04,1649478.71
31531,235,Over 200$,6/26/2013,7:00,D130082008A,943 PROSPECT ST,SE10,SE,10,194358.7,1640787.56
31532,235,Over 200$,6/26/2013,13:30,D130082083A,3400 BROUSE AV,ND20,ND,20,199918.79,1664798.24
31533,235,Over 200$,6/26/2013,18:30,D130083120A,310 W MICHIGAN ST,DT10,DT,10,188450.09,1648864.91
31534,235,Over 200$,6/28/2013,13:00,D130084933A,802 N MERIDIAN ST,DT10,DT,10,189878.18,1650294.49
31535,235,Over 200$,6/28/2013,16:20,D130083272A,3805 N GERMAN CHURCH RD,NE70,NE,70,242346.81,1667692.29
31536,235,Over 200$,6/29/2013,3:00,D130083983A,S MERIDIAN ST & W GEORGIA ST,DT40,DT,40,189907.05,1645196.24
31537,235,Over 200$,6/29/2013,99:99,D130086859A,310 W MICHIGAN ST,DT10,DT,10,188450.09,1648864.91
31538,235,Over 200$,7/2/2013,8:46,D130084782A,2226 E 67TH ST,ND50,ND,50,199666.78,1686846.9
31539,235,Over 200$,7/4/2013,2:00,D130086013A,308 N IRWIN ST,NE50,NE,50,219585.65,1648655.14
31540,235,Over 200$,7/4/2013,13:00,D130086545A,6771 EAGLE POINTE DR S,NW70,NW,70,156001.4,1671600.5
31541,235,Over 200$,7/4/2013,16:00,D130087227A,500 LOCKERBIE ST,DT20,DT,20,192557.93,1648023.79
31542,235,Over 200$,7/5/2013,21:00,D130090282A,795 W WALNUT ST,DT10,DT,10,186003.73,1649953.03
31543,235,Over 200$,7/5/2013,22:00,D130086943A,735 CANAL CT,DT10,DT,10,187482.39,1650144.16
31544,235,Over 200$,7/8/2013,12:00,D130087898A,10106 ELLIS DR,NE70,NE,70,237544.45,1669812.04
31545,235,Over 200$,7/8/2013,21:00,D130087974A,7644 ALLENWOOD CR,NW60,NW,60,172343.33,1692124.49
31546,235,Over 200$,7/10/2013,12:00,D130089536A,930 W 10TH ST,NW10,NW,10,185451.96,1651308.48
31547,235,Over 200$,7/10/2013,13:00,D130088988A,N ALABAMA ST & E NEW YORK ST,DT20,DT,20,191508.43,1647743.08
31548,235,Over 200$,7/10/2013,19:15,D130088970A,441 N MERIDIAN ST,DT20,DT,20,190035.65,1648590.43
31549,235,Over 200$,7/10/2013,22:00,D130092357A,310 W MICHIGAN ST,DT10,DT,10,188450.09,1648864.91
31550,235,Over 200$,7/11/2013,0:01,D130089267A,1075 BROOKS ST,NW10,NW,10,185682.42,1651623.49
31551,235,Over 200$,7/11/2013,13:00,D130089374A,PIERSON ST & TIPPECANOE ST,DT10,DT,10,189749.9,1648034.69
31552,235,Over 200$,7/12/2013,15:00,D130089871A,359 WORCESTER AV,SE10,SE,10,209727.89,1644384.13
31553,235,Over 200$,7/13/2013,15:00,D130092399A,310 W MICHIGAN ST,DT10,DT,10,188450.09,1648864.91
31554,235,Over 200$,7/13/2013,21:20,D130090498A,620 N CAPITOL AV,DT10,DT,10,188899.17,1649612.48
31555,235,Over 200$,7/14/2013,17:00,D130098200A,9325 RACQUET BALL LN,ND70,ND,70,182394.41,1702949
31556,235,Over 200$,7/15/2013,0:01,D130091004A,531 VIRGINIA AV,DT40,DT,40,192962.86,1643345.96
31557,235,Over 200$,7/15/2013,21:00,D130091873A,5035 WILDFLOWER CT,NW80,NW,80,165238.06,1679764.92
31558,235,Over 200$,7/16/2013,0:01,D130091791A,2203 N PENNSYLVANIA ST,NE10,NE,10,190619.62,1657254.06
31559,235,Over 200$,7/17/2013,18:00,D130092413A,1611 BROADWAY ST,NE10,NE,10,193327.16,1654122.19
31560,235,Over 200$,7/17/2013,18:00,D130092728A,426 WALLACE AV,NE50,NE,50,209409.26,1648608.43
31561,235,Over 200$,7/18/2013,15:31,D130092888A,809 IOWA ST,SE20,SE,20,193448.03,1637677.11
31562,235,Over 200$,7/19/2013,13:30,D130093322A,3355 W MICHIGAN ST,SW10,SW,10,173837.22,1648814.25
31563,235,Over 200$,7/20/2013,9:25,D130093945A,1611 BROADWAY ST,NE10,NE,10,193327.16,1654122.19
31564,235,Over 200$,7/20/2013,12:20,D130093871A,50 W WASHINGTON ST,DT10,DT,10,189693.59,1646256.12
31565,235,Over 200$,7/22/2013,17:00,D130096226A,821 DR M L KING JR ST,DT10,DT,10,187294.49,1650425.38
31566,235,Over 200$,7/22/2013,17:39,D130095606A,E 38TH ST & N POST RD,NE70,NE,70,231674.33,1667514.86
31567,235,Over 200$,7/23/2013,21:00,D130096650A,6501 W MILLS AV,SW70,SW,70,157223.48,1622682.39
31568,235,Over 200$,7/24/2013,22:00,D130096834A,7233 TWIN OAKS DR,NE30,NE,30,222697.5,1666218.93
31569,235,Over 200$,7/25/2013,12:30,D130097095A,40 E ST CLAIR ST,DT20,DT,20,190287.76,1650220.17
31570,235,Over 200$,7/26/2013,8:30,D130097624A,20 N MERIDIAN ST,DT10,DT,10,189901.72,1646482.24
31571,235,Over 200$,7/26/2013,22:00,D130098072A,1455 N NEW JERSEY ST,NE10,NE,10,192046.33,1653328.19
31572,235,Over 200$,7/28/2013,12:45,D130098563A,140 W WASHINGTON ST,DT10,DT,10,189145.75,1646491.8
31573,235,Over 200$,7/29/2013,18:00,D130099185A,5662 GEORGETOWN RD,NW80,NW,80,167051.51,1678401.73
31574,235,Over 200$,7/30/2013,0:01,D130100585A,7715 PERSHING RD,NW60,NW,60,174274.96,1691374.04
31575,235,Over 200$,7/31/2013,9:00,D130101194A,8821 NAVIGATOR DR,SE40,SE,40,219293.24,1599576.07
31576,235,Over 200$,7/31/2013,10:50,D130099968A,2502 DR MARTIN LUTHER KIN ST,NW10,NW,10,186517.72,1659277.47
31577,235,Over 200$,7/31/2013,16:30,D130100699A,136 E ST JOSEPH ST,DT20,DT,20,190809.23,1650994.42
31578,235,Over 200$,8/1/2013,0:30,D130100332A,7802 BROOKVILLE RD,NE60,NE,60,226078.52,1640074.71
31579,235,Over 200$,8/1/2013,10:30,D130100497A,1744 W 74TH PL,ND70,ND,70,181055.66,1690842.1
31580,235,Over 200$,8/1/2013,12:00,D130103135A,535 W MICHIGAN ST,DT10,DT,10,187025.77,1648627.74
31581,235,Over 200$,8/1/2013,21:00,D130101142A,40 JENNY LN,SE10,SE,10,208872.28,1646745.15
31582,235,Over 200$,8/2/2013,22:58,D130101355A,821 N LASALLE ST,NE20,NE,20,203575.22,1650080.97
31583,235,Over 200$,8/3/2013,13:09,D130102387A,151 S EAST ST,DT40,DT,40,192561.23,1645242.5
31584,235,Over 200$,8/4/2013,1:50,D131011818A,5725 W 43RD ST,NW30,NW,30,161109.09,1670424.39
31585,235,Over 200$,8/4/2013,2:00,D130109493A,2419 LARMAN DR,SE50,SE,50,200544.52,1602328.79
31586,235,Over 200$,8/6/2013,18:00,D130103255A,11025 SEDLAK LN,NE60,NE,60,242794.31,1653779.92
31587,235,Over 200$,8/6/2013,22:00,D130104568A,6701 DOVER RD,ND50,ND,50,207767.87,1686710.22
31588,235,Over 200$,8/10/2013,8:00,D130105290A,5247 LUZZANE LN,ND50,ND,50,196414.01,1675871.58
31589,235,Over 200$,8/14/2013,18:30,D130107428A,3850 N COLLEGE AVE,ND10,ND,10,193704.54,1667657.46
31590,235,Over 200$,8/15/2013,0:01,D130107919A,739 W 11TH ST,NW10,NW,10,185883.28,1651689.74
31591,235,Over 200$,8/15/2013,10:00,D130107793A,3718 ARBOR GREEN WY,ND50,ND,50,205496.73,1678328.02
31592,235,Over 200$,8/15/2013,12:00,D130107938A,5950 WINTHROP AV,ND50,ND,50,194568.43,1681227.73
31593,235,Over 200$,8/17/2013,11:00,D130108742A,25 W 16TH ST,NW10,NW,10,189815.59,1653975.28
31594,235,Over 200$,8/17/2013,15:00,D130108849A,1630 DRAPER ST,SE20,SE,20,197024.08,1638474.59
31595,235,Over 200$,8/17/2013,19:00,D130110495A,1201 INDIANA AV,NW10,NW,10,184127.03,1652330.23
31596,235,Over 200$,8/17/2013,20:00,D130109359A,1540 LANCASHIRE CT,ND70,ND,70,182288.54,1698402.93
31597,235,Over 200$,8/18/2013,1:17,D130109148A,79 MYRON AV,SW60,SW,60,164439.74,1644844.98
31598,235,Over 200$,8/18/2013,2:00,D130109493B,2419 LARMAN DR,SE50,SE,50,200544.52,1602328.79
31599,235,Over 200$,8/18/2013,21:00,D130118580A,1412 SHELBY ST,SE10,SE,10,195029.13,1639318.24
31600,235,Over 200$,8/19/2013,11:54,D130109636A,536 N ORIENTAL ST,NE20,NE,20,196330.6,1649025.36
31601,235,Over 200$,8/20/2013,9:03,D130110170A,216 CLEVELAND ST,DT20,DT,20,192266.96,1647435.86
31602,235,Over 200$,8/21/2013,0:01,D130111446A,402 E 56TH ST,ND50,ND,50,192059.64,1678020.05
31603,235,Over 200$,8/21/2013,0:01,D130110855A,229 S DELAWARE ST,DT40,DT,40,190920.22,1644965.46
31604,235,Over 200$,8/21/2013,7:00,D130111040A,6543 DORIS DR,NW70,NW,70,157190.68,1654022.75
31605,235,Over 200$,8/22/2013,7:20,D130111450A,1 W 26TH ST,NW10,NW,10,190414.57,1659778.97
31606,235,Over 200$,8/23/2013,17:15,D130113025A,401 E MICHIGAN ST,DT20,DT,20,192208.86,1648566.33
31607,235,Over 200$,8/24/2013,17:00,D130112726A,3930 HOYT AV,SE10,SE,10,206454.19,1642611.68
31608,235,Over 200$,8/25/2013,10:30,D130113019A,2810 COLLIER ST,SW60,SW,60,169314.89,1630680.84
31609,235,Over 200$,8/25/2013,12:00,D130116873A,6701 N COLLEGE AV,ND50,ND,50,193754.56,1686731.35
31610,235,Over 200$,8/26/2013,14:00,D130114006A,4755 KINGSWAY DR,ND50,ND,50,200595.49,1673788.13
31611,235,Over 200$,8/28/2013,21:00,D130115170A,8909 WALLSTREET DR,NW70,NW,70,144577.02,1654949.36
31612,235,Over 200$,8/28/2013,22:00,D130115128A,3217 WINTON AV,NW30,NW,30,165326.64,1663413.93
31613,235,Over 200$,8/29/2013,14:00,D130115354A,912 N BOLTON AV,NE50,NE,50,215536.91,1650605.49
31614,235,Over 200$,8/29/2013,15:00,D130115750A,333 E WESTFIELD BL,ND50,ND,50,191763,1682067.86
31615,235,Over 200$,8/30/2013,17:00,D130117632A,530 E OHIO ST,DT20,DT,20,192884.22,1647304.26
31616,235,Over 200$,9/3/2013,0:01,D130118880A,3916 LINCOLN RD,NW60,NW,60,173667.48,1667945.86
31617,235,Over 200$,9/4/2013,22:00,D130118449A,902 E PLEASANT RUN PKWY N DR,SE20,SE,20,194031.43,1636530.97
31618,235,Over 200$,9/5/2013,14:30,D130118847A,846 WOODRUFF PL MIDDLE DR,NE20,NE,20,198281.6,1650586.82
31619,235,Over 200$,9/5/2013,17:00,D130118910A,E 24TH ST & N DELAWARE ST,NE10,NE,10,191397.93,1658629.15
31620,235,Over 200$,9/5/2013,19:00,D130118919A,4218 GUILFORD AV,ND10,ND,10,194453.1,1670133.11
31621,235,Over 200$,9/6/2013,8:00,D130119343A,1650 HOEFGEN ST,SE20,SE,20,197386.58,1633492.67
31622,235,Over 200$,9/7/2013,0:50,D130119551A,930 W 10TH ST,NW10,NW,10,185451.96,1651308.48
31623,235,Over 200$,9/7/2013,12:00,D130123268A,3553 FOUNDERS RD,ND70,ND,70,172516.71,1699559.3
31624,235,Over 200$,9/8/2013,15:00,D130120260A,49 W MARYLAND ST,DT30,DT,30,189671.4,1645695.63
31625,235,Over 200$,9/9/2013,6:45,D130120508A,201 S CAPITOL AV,DT30,DT,30,189198.62,1644936.91
31626,235,Over 200$,9/9/2013,11:00,D130120542A,3824 N ILLINOIS ST,ND10,ND,10,189648.92,1667521.75
31627,235,Over 200$,9/11/2013,8:30,D130122292A,3221 BABSON CT,ND70,ND,70,174061.05,1701841.02
31628,235,Over 200$,9/14/2013,3:30,D130123289A,4842 WINTHROP AV,ND50,ND,50,194826.39,1673483.49
31629,235,Over 200$,9/15/2013,12:00,D130123608A,932 N CALIFORNIA ST,DT10,DT,10,186688.01,1651050.06
31630,235,Over 200$,9/16/2013,18:00,D130126164A,6140 E 21ST ST,NE30,NE,30,217781.22,1656861.48
31631,235,Over 200$,9/17/2013,9:51,D130124441A,5141 W 33RD ST,NW30,NW,30,165086.84,1663870.42
31632,235,Over 200$,9/18/2013,12:45,D131225086A,800 N MERIDIAN ST,DT10,DT,10,190062.13,1650205.33
31633,235,Over 200$,9/20/2013,12:00,D130126624A,3548 W 11TH ST,SW10,SW,10,172465.43,1651956.69
31634,235,Over 200$,9/24/2013,0:30,D130127922A,4927 BROADWAY ST,ND50,ND,50,193231.79,1673902.63
31635,235,Over 200$,9/24/2013,11:00,D130130756A,3965 N MERIDIAN ST,ND10,ND,10,190551.22,1668482.87
31636,235,Over 200$,9/26/2013,14:00,D130129258A,2020 N DELAWARE ST,NE10,NE,10,191099.01,1656185.93
31637,235,Over 200$,9/27/2013,12:00,D130130704A,537 E 39TH ST,ND10,ND,10,192857.3,1667926.57
31638,235,Over 200$,9/27/2013,15:00,D130131255A,3200 COLD SPRING RD,NW20,NW,20,177928.04,1663350.09
31639,235,Over 200$,9/29/2013,4:50,D130130121A,2013 W MICHIGAN ST,SW10,SW,10,179149.61,1648961.27
31640,235,Over 200$,10/1/2013,0:01,D130130973A,6701 N COLLEGE AV,ND50,ND,50,193754.56,1686731.35
31641,235,Over 200$,10/1/2013,22:45,D130131380A,2450 E 71ST ST,ND60,ND,60,200596.36,1688508.68
31642,235,Over 200$,10/2/2013,0:00,D130134215A,6219 GUILFORD AV,ND50,ND,50,194358.6,1683190.87
31643,235,Over 200$,10/2/2013,20:00,D130132255A,1201 INDIANA AV,NW10,NW,10,184127.03,1652330.23
31644,235,Over 200$,10/4/2013,1:00,D130134303A,6219 GUILFORD AV,ND50,ND,50,194358.6,1683190.87
31645,235,Over 200$,10/6/2013,23:00,D130134105A,3657 N CAPITOL AV,ND10,ND,10,189185.41,1666482.94
31646,235,Over 200$,10/9/2013,4:41,D130135166A,430 N PARK AV,DT20,DT,20,192917.33,1648524.21
31647,235,Over 200$,10/10/2013,0:01,D130135384A,5547 WINTHROP AV,ND50,ND,50,194812.7,1677658.82
31648,235,Over 200$,10/11/2013,16:17,D130136108A,711 E WASHINGTON ST,DT40,DT,40,193663.42,1645842.21
31649,235,Over 200$,10/13/2013,12:40,D130136905A,7847 MARQUIS LN,ND70,ND,70,179082.33,1693431.26
31650,235,Over 200$,10/15/2013,9:35,D130137734A,1125 BROOKSIDE AV,NE20,NE,20,195872.4,1651401.26
31651,235,Over 200$,10/16/2013,0:01,D130138431A,1510 STADIUM WA,NW10,NW,10,181081.25,1653699.3
31652,235,Over 200$,10/18/2013,13:00,D130139428A,525 DORMAN ST,NE20,NE,20,195491.12,1648872.47
31653,235,Over 200$,10/19/2013,19:00,D130139806A,201 W 38TH ST,ND10,ND,10,188982.23,1667168.08
31654,235,Over 200$,10/23/2013,0:01,D130141504A,910 W 10TH ST,NW10,NW,10,185577.42,1651312.38
31655,235,Over 200$,10/23/2013,7:08,D130141242A,2716 E WASHINGTON ST,NE20,NE,20,201387.53,1646630.73
31656,235,Over 200$,10/23/2013,16:57,D130141568A,4643 LYNNFIELD RD,NW80,NW,80,157471.57,1672741.03
31657,235,Over 200$,10/25/2013,15:37,D130142330A,31 W OHIO ST,DT10,DT,10,189786.02,1647162.63
31658,235,Over 200$,10/25/2013,16:30,D130142376A,520 E MARKET ST,DT20,DT,20,192734.51,1646798.38
31659,235,Over 200$,10/25/2013,99:99,D130144448A,1201 INDIANA AV,NW10,NW,10,184127.03,1652330.23
31660,235,Over 200$,10/29/2013,13:30,D130143949A,40 E ST CLAIR ST,DT20,DT,20,190287.76,1650220.17
31661,235,Over 200$,10/30/2013,22:00,D130145927A,920 N ALABAMA ST,DT20,DT,20,191552.28,1650842.86
31662,235,Over 200$,10/31/2013,9:30,D130144954A,1630 N MERIDIAN ST,NW10,NW,10,190081.99,1654295.15
31663,235,Over 200$,10/31/2013,14:00,D130145162A,401 W MERIDIAN SCHOOL RD,SW50,SW,50,187728.76,1603428.97
31664,235,Over 200$,11/1/2013,18:00,D130145499A,1836 E 10TH ST,NE20,NE,20,198365.71,1651383.43
31665,235,Over 200$,11/6/2013,99:99,D130150510A,2036 N TALBOTT ST,NE10,NE,10,190853.1,1656133.06
31666,235,Over 200$,11/11/2013,3:35,D130149797A,3601 W 16TH ST,SW10,SW,10,172280.12,1653705.96
31667,235,Over 200$,11/14/2013,16:00,D130151350A,100 S CAPITOL AV,DT30,DT,30,188602.74,1645024.76
31668,235,Over 200$,11/14/2013,20:00,D130153165A,W GEORGIA ST & S ILLINOIS ST,DT30,DT,30,189397.8,1645212.83
31669,235,Over 200$,11/18/2013,18:00,D130152986A,401 E MICHIGAN ST,DT20,DT,20,192208.86,1648566.33
31670,235,Over 200$,11/28/2013,0:01,D130168892A,6127 COMPTON ST,ND50,ND,50,195520.5,1682654.53
31671,235,Over 200$,11/30/2013,17:00,D130157568A,725 MASSACHUSETTS AV,DT20,DT,20,193201.98,1649705.71
31672,235,Over 200$,12/1/2013,16:00,D130157971A,10 S WEST ST,DT30,DT,30,187386.47,1646275.02
31673,235,Over 200$,12/2/2013,4:00,D130158022A,4037 N COLLEGE AV,ND10,ND,10,193737.18,1668901.79
31674,235,Over 200$,12/11/2013,17:30,D130162123A,1 W MARYLAND ST,DT30,DT,30,189919.02,1645683.54
31675,235,Over 200$,12/28/2013,12:00,D140003643A,100 S MERIDIAN ST,DT30,DT,30,189903.65,1645697.69
41657,245,50$ to 200$,10/1/2012,8:00,D130017095A,310 W MICHIGAN ST,DT10,DT,10,188450.09,1648864.91
41658,245,50$ to 200$,11/15/2012,15:00,D130102737A,1903 N NEW JERSEY ST,NE10,NE,10,192005.96,1655539.23
41659,245,50$ to 200$,1/2/2013,19:00,D130000878A,3515 E 10TH ST,NE20,NE,20,204557.35,1651288.35
41660,245,50$ to 200$,1/5/2013,22:00,D130002047A,2441 STUART ST,NE10,NE,10,204211.75,1659207.78
41661,245,50$ to 200$,1/7/2013,18:00,D130002803A,2120 W MORRIS ST,SW20,SW,20,178869.2,1640528.92
41662,245,50$ to 200$,1/8/2013,0:01,D130003199A,6645 SUNNY LN,ND50,ND,50,205147.01,1686510.48
41663,245,50$ to 200$,1/12/2013,1:00,D130004920A,6200 CARROLLTON AV,ND50,ND,50,193871.89,1682954.25
41664,245,50$ to 200$,1/19/2013,13:05,D130008332A,520 N DEARBORN ST,NE20,NE,20,203174.75,1649118.76
41665,245,50$ to 200$,1/19/2013,16:00,D130008431A,1505 MINOCQUA ST,SE20,SE,20,202678.76,1638843.49
41666,245,50$ to 200$,1/23/2013,9:30,D130009820A,5709 W WASHINGTON ST,SW60,SW,60,161940.35,1640358.71
41667,245,50$ to 200$,1/29/2013,10:00,D130012610A,4361 DECLARATION DR,SE30,SE,30,190584.73,1623129.43
41668,245,50$ to 200$,2/6/2013,12:00,D130022311A,1001 N RURAL ST,NE20,NE,20,201740.12,1651437.76
41669,245,50$ to 200$,2/9/2013,19:17,D130017656A,3518 MONNINGER DR,NW30,NW,30,166172.58,1665121.23
41670,245,50$ to 200$,2/14/2013,9:00,D130019789A,4039 BOULEVARD PL,ND10,ND,10,188424.96,1668942.95
41671,245,50$ to 200$,2/16/2013,10:00,D130020669A,636 N LINWOOD AV,NE50,NE,50,208329.11,1649473.48
41672,245,50$ to 200$,3/9/2013,20:04,D130029592A,1145 S CAPITOL AV,DT30,DT,30,188806.98,1640865.23
41673,245,50$ to 200$,3/10/2013,0:01,D130057507A,55 KOWEBA LN,SE10,SE,10,199684.17,1646050.53
41674,245,50$ to 200$,3/10/2013,0:01,D130030776A,1022 HOSBROOK ST,SE10,SE,10,194648.46,1641827.47
41675,245,50$ to 200$,3/15/2013,23:47,D130032462A,2126 E MICHIGAN ST,NE20,NE,20,199376.26,1648933.12
41676,245,50$ to 200$,3/16/2013,17:00,D130032744A,3217 WINTON AV,NW30,NW,30,165326.64,1663413.93
41677,245,50$ to 200$,3/18/2013,19:30,D130033933A,5251 KENTUCKY AV,SW70,SW,70,156210.78,1617842.53
41678,245,50$ to 200$,3/25/2013,21:10,D130036737A,1309 N PENNSYLVANIA ST,NE10,NE,10,190761.13,1652688.97
41679,245,50$ to 200$,3/27/2013,13:34,D130037528A,1532 E 10TH ST,NE20,NE,20,197227.06,1651489.61
41680,245,50$ to 200$,3/28/2013,11:40,D130037956A,1435 N ILLINOIS ST,NW10,NW,10,189691.6,1653257.78
41681,245,50$ to 200$,3/28/2013,15:45,D130038111A,2502 N SHERMAN DR,NE10,NE,10,205516.69,1659481.36
41682,245,50$ to 200$,3/31/2013,4:30,D130039200A,3527 N COLLEGE AV,ND10,ND,10,193843.41,1665564.85
41683,245,50$ to 200$,3/31/2013,17:45,D130039373A,109 S BRADLEY AV,SE10,SE,10,206034.51,1646440
41684,245,50$ to 200$,3/31/2013,20:00,D130039436A,1514 SHEPARD ST,SW20,SW,20,180022.92,1638359.86
41685,245,50$ to 200$,4/5/2013,8:00,D130041850A,3741 LA FONTAINE CT,NE70,NE,70,239096.85,1667450.16
41686,245,50$ to 200$,4/10/2013,22:00,D130044397A,4611 N COLLEGE AV,ND50,ND,50,193728.08,1672668.89
41687,245,50$ to 200$,4/13/2013,22:00,D130046408A,100 S CAPITOL AV,DT30,DT,30,188602.74,1645024.76
41688,245,50$ to 200$,4/17/2013,4:20,D130047323A,7509 RUSKIN PL,NE30,NE,30,224377.49,1667185.3
41689,245,50$ to 200$,4/18/2013,6:35,D130047918A,E OHIO ST & N PENNSYLVANIA ST,DT20,DT,20,190486.2,1647243.45
41690,245,50$ to 200$,4/18/2013,14:10,D130048120A,6340 GATEWAY DR,NW30,NW,30,158309.14,1668852.78
41691,245,50$ to 200$,4/24/2013,19:00,D130054860A,804 BLAKE ST,DT10,DT,10,185717.48,1650422
41692,245,50$ to 200$,4/24/2013,99:99,D130051301A,2846 N LASALLE ST,NE10,NE,10,203275.98,1660987.18
41693,245,50$ to 200$,4/26/2013,12:30,D130052022A,3409 N HIGH SCHOOL RD,NW30,NW,30,158674.14,1664431.78
41694,245,50$ to 200$,4/28/2013,7:30,D130052556A,921 E WASHINGTON ST,SE10,SE,10,194427.25,1646012.27
41695,245,50$ to 200$,4/30/2013,14:12,D130053662A,2503 N NEW JERSEY ST,NE10,NE,10,192082.83,1659435.79
41696,245,50$ to 200$,5/2/2013,22:15,D130055156A,245 N DELAWARE ST,DT20,DT,20,191117.59,1647624.44
41697,245,50$ to 200$,5/4/2013,9:00,D130059866A,W 10TH ST & N CENTENNIAL ST,SW10,SW,10,174500.77,1651230.1
41698,245,50$ to 200$,5/7/2013,4:00,D130057046A,4328 FOLTZ ST,SW70,SW,70,169586.04,1622317.38
41699,245,50$ to 200$,5/7/2013,20:07,D130057302A,3640 GREEN ASH CT,NW20,NW,20,172443.72,1657183.44
41700,245,50$ to 200$,5/8/2013,14:30,D130057690A,2171 AVONDALE PL,NE10,NE,10,205002.22,1657425.67
41701,245,50$ to 200$,5/9/2013,17:15,D130058311A,441 E OHIO ST,DT20,DT,20,192427.35,1647090.57
41702,245,50$ to 200$,5/13/2013,17:51,D130060076A,1628 YANDES ST,NE10,NE,10,195578.53,1654309.66
41703,245,50$ to 200$,5/14/2013,12:00,D130060496A,1247 S KIEL AVE,SW60,SW,60,160559.44,1639813.15
41704,245,50$ to 200$,5/15/2013,20:00,D130061789A,6424 JOHNWES RD,SW70,SW,70,157803.44,1622343.06
41705,245,50$ to 200$,5/18/2013,12:00,D130066092A,411 RUSKIN PL,ND10,ND,10,192189.08,1666948.32
41706,245,50$ to 200$,5/19/2013,9:30,D130062867A,315 KOEHNE ST,SW10,SW,10,181280.76,1648044.51
41707,245,50$ to 200$,5/19/2013,14:00,D130062982A,3358 HEATHER RIDGE DR,NW70,NW,70,154171.88,1664124.97
41708,245,50$ to 200$,5/20/2013,17:00,D130063542A,322 CANAL WALK,DT10,DT,10,187902.89,1647962.05
41709,245,50$ to 200$,5/22/2013,11:30,D130064769A,E 10TH ST & N LASALLE ST,NE20,NE,20,203567.67,1651369.6
41710,245,50$ to 200$,5/23/2013,15:03,D130065096A,9201 RUSHMORE BLVD,NW70,NW,70,143276.9,1652957.18
41711,245,50$ to 200$,5/26/2013,15:39,D130066471A,4655 LYNNFIELD RD,NW80,NW,80,157469.01,1672885.22
41712,245,50$ to 200$,5/26/2013,21:00,D130066731A,1540 E TABOR ST,SE20,SE,20,196731.76,1635199.13
41713,245,50$ to 200$,5/28/2013,16:30,D130067560A,2831 EARLSWOOD LN,SW50,SW,50,175765.3,1610283.47
41714,245,50$ to 200$,5/30/2013,12:23,D130068505A,3242 N ARSENAL AV,ND20,ND,20,196762.51,1663453.62
41715,245,50$ to 200$,6/1/2013,12:00,D130071440A,5103 E 16TH ST,NE50,NE,50,211159.08,1653928.44
41716,245,50$ to 200$,6/3/2013,12:55,D130070463A,66 N TREMONT ST,SW10,SW,10,177932.94,1646560.74
41717,245,50$ to 200$,6/3/2013,21:00,D130071123A,2310 UNION ST,SE20,SE,20,189955.26,1634432.69
41718,245,50$ to 200$,6/4/2013,20:15,D130071228A,2211 PROSPECT ST,SE10,SE,10,199427.56,1640824.87
41719,245,50$ to 200$,6/5/2013,0:01,D130071435A,3264 VALLEY FARMS WY,NW70,NW,70,149130.72,1663335.54
41720,245,50$ to 200$,6/5/2013,15:30,D130071653A,6659 PEMBRIDGE WY,NW80,NW,80,156407.59,1674092.86
41721,245,50$ to 200$,6/5/2013,21:00,D130071858A,8536 LENNA CT,NE70,NE,70,229598.45,1671293.1
41722,245,50$ to 200$,6/7/2013,18:00,D130073270A,7827 SOUTHFIELD DR,SE50,SE,50,201290.46,1604428.34
41723,245,50$ to 200$,6/8/2013,18:00,D130073525A,9559 MERCURY DR,NE60,NE,60,234775.55,1661351.12
41724,245,50$ to 200$,6/10/2013,16:00,D130076247A,430 INDIANA AV,DT10,DT,10,188319.72,1648486.6
41725,245,50$ to 200$,6/10/2013,23:10,D130074241A,2821 E 13TH ST,NE20,NE,20,201816.98,1652593.23
41726,245,50$ to 200$,6/11/2013,11:45,D130074477A,4926 MELROSE AV,SW60,SW,60,165997.77,1636610.01
41727,245,50$ to 200$,6/11/2013,23:59,D130075107A,1252 RINGGOLD AV,SE10,SE,10,194447.72,1640021.08
41728,245,50$ to 200$,6/13/2013,19:00,D130077758A,4846 PENDRAGON BL,NW60,NW,60,166595.86,1685468.61
41729,245,50$ to 200$,6/14/2013,15:20,D130076187A,2401 SHELBY ST,SE20,SE,20,195068.11,1634193.5
41730,245,50$ to 200$,6/15/2013,3:45,D130076446A,7186 TWIN OAKS DR,NE30,NE,30,222417.82,1666260.84
41731,245,50$ to 200$,6/16/2013,22:00,D130077127A,3805 MILL CROSSING DR,ND20,ND,20,204673.79,1667426.92
41732,245,50$ to 200$,6/17/2013,15:00,D130077657A,1035 BROAD RIPPLE AV,ND50,ND,50,195020.19,1683576.86
41733,245,50$ to 200$,6/18/2013,17:23,D130078147A,6723 W 16TH ST,NW70,NW,70,156227.13,1653446.38
41734,245,50$ to 200$,6/19/2013,14:00,D130078616A,7321 FREEPORT LN,NW70,NW,70,153079.37,1665247.6
41735,245,50$ to 200$,6/19/2013,16:30,D130079350A,1150 N WHITE RIVER PKWY W DR,SW10,SW,10,181238.13,1652507.49
41736,245,50$ to 200$,6/19/2013,18:56,D130078688A,1627 N COLORADO AV,NE30,NE,30,207592.07,1654337.24
41737,245,50$ to 200$,6/20/2013,0:01,D130081743A,401 N ILLINOIS ST,DT10,DT,10,189581.38,1648418.04
41738,245,50$ to 200$,6/20/2013,99:99,D130079564A,601 BARBADOS DR,SE50,SE,50,192715.06,1609746.99
41739,245,50$ to 200$,6/21/2013,0:01,D130079731A,9257 COLLEGE DR,ND70,ND,70,193844,1702765.92
41740,245,50$ to 200$,6/21/2013,13:30,D130079703A,5853 LIBERTY CREEK N DR,NW80,NW,80,161163.1,1679567.4
41741,245,50$ to 200$,6/21/2013,21:30,D130080154A,5550 EDGEWOOD TRACE BL,SE40,SE,40,225841.67,1617032.14
41742,245,50$ to 200$,6/23/2013,15:30,D130080915A,1201 INDIANA AV,NW10,NW,10,184127.03,1652330.23
41743,245,50$ to 200$,6/24/2013,3:55,D130080794A,2642 N HARDING ST,NW10,NW,10,181696.46,1659975.45
41744,245,50$ to 200$,6/27/2013,3:54,D130082431A,2725 BRAXTON DR,NE60,NE,60,245648.32,1660872.97
41745,245,50$ to 200$,6/29/2013,15:00,D130084079A,1301 RINGGOLD AV,SE10,SE,10,194488.24,1639865.57
41746,245,50$ to 200$,7/1/2013,1:23,D130148504A,7935 HOSTA DR,SW70,SW,70,143500.69,1602939.16
41747,245,50$ to 200$,7/1/2013,12:00,D130134538A,1225 HIATT ST,SW20,SW,20,179393.68,1640276.24
41748,245,50$ to 200$,7/1/2013,14:38,D130084485A,4400 N HIGH SCHOOL RD,NW30,NW,30,158319.27,1670672
41749,245,50$ to 200$,7/1/2013,22:10,D130084649A,6780 W WASHINGTON ST,SW80,SW,80,156212.82,1638176.55
41750,245,50$ to 200$,7/2/2013,17:15,D130085046A,3300 N MERIDIAN ST,ND10,ND,10,190389.21,1663955.33
41751,245,50$ to 200$,7/2/2013,18:00,D130085876A,1018 S SHEFFIELD AV,SW20,SW,20,178634.94,1641570.3
41752,245,50$ to 200$,7/2/2013,21:30,D130085540A,28 PARKVIEW AV,NE20,NE,20,198562.71,1646435.05
41753,245,50$ to 200$,7/4/2013,0:15,D130085885A,9016 SARATOGA DR,NE70,NE,70,231800.61,1669889.67
41754,245,50$ to 200$,7/5/2013,12:10,D130086384A,W 29TH ST & DR MARTIN LUTHER KIN ST,NW10,NW,10,185846.94,1661265.33
41755,245,50$ to 200$,7/6/2013,1:00,D130086795A,3260 WELLINGTON AV,NE70,NE,70,226022.99,1664031.8
41756,245,50$ to 200$,7/6/2013,16:00,D130087317A,3131 WINTERSONG DR,SW70,SW,70,162958.49,1628874
41757,245,50$ to 200$,7/6/2013,18:00,D130087356A,1044 S ADDISON ST,SW20,SW,20,176982.53,1641425.15
41758,245,50$ to 200$,7/6/2013,18:30,D130087039A,4701 CRESTVIEW AV,ND10,ND,10,195685.79,1673147.93
41759,245,50$ to 200$,7/7/2013,16:00,D130089456A,5022 EMERTON PL,SE10,SE,10,210532.25,1636838.95
41760,245,50$ to 200$,7/8/2013,0:01,D130087737A,1201 INDIANA AV,NW10,NW,10,184127.03,1652330.23
41761,245,50$ to 200$,7/8/2013,12:00,D130087899A,4138 RICHELIEU RD,NE70,NE,70,229333.07,1669902.65
41762,245,50$ to 200$,7/9/2013,19:20,D130088446A,E NEW YORK ST & N RURAL ST,NE20,NE,20,201646.1,1647893.45
41763,245,50$ to 200$,7/10/2013,7:30,D130088900A,3730 RUCKLE ST,ND10,ND,10,192711.51,1666803.69
41764,245,50$ to 200$,7/10/2013,16:00,D130088925A,1924 HOUSTON ST,NE10,NE,10,203636.48,1655629.92
41765,245,50$ to 200$,7/11/2013,13:08,D130089537A,1729 E TABOR ST,SE20,SE,20,197955.84,1635166
41766,245,50$ to 200$,7/11/2013,13:30,D130089286A,50 W FALL CREEK PKWY N DR,NW10,NW,10,190111.42,1659493.48
41767,245,50$ to 200$,7/11/2013,15:38,D130089776A,2121 W MICHIGAN ST,SW10,SW,10,178694.68,1648715.77
41768,245,50$ to 200$,7/12/2013,14:00,D130091088A,6243 E WASHINGTON ST,NE50,NE,50,217658.38,1647632.92
41769,245,50$ to 200$,7/12/2013,15:00,D130089894A,402 S LASALLE ST,SE10,SE,10,203592.33,1644167.76
41770,245,50$ to 200$,7/12/2013,17:45,D130089984A,6510 E 25TH ST,NE30,NE,30,219003.92,1659437.46
41771,245,50$ to 200$,7/12/2013,21:53,D130090053A,3437 LAFAYETTE RD,NW20,NW,20,170301.82,1664681.28
41772,245,50$ to 200$,7/13/2013,19:30,D130090431A,BARNOR DR & WINDSOR DR,NE30,NE,30,217668.73,1657954.34
41773,245,50$ to 200$,7/14/2013,13:45,D130090720A,805 BELHAVEN DR,NE60,NE,60,240037.98,1651103.63
41774,245,50$ to 200$,7/16/2013,8:30,D130092112A,4701 N KEYSTONE AV,ND10,ND,10,200260.4,1673606.79
41775,245,50$ to 200$,7/16/2013,15:50,D130091800A,514 N CHESTER AV,NE50,NE,50,206642.87,1648989.59
41776,245,50$ to 200$,7/17/2013,11:59,D130092168A,1325 LINDEN ST,SE10,SE,10,195884.99,1639808.94
41777,245,50$ to 200$,7/17/2013,23:00,D130092808A,1741 E TERRACE AV,SE20,SE,20,197907.53,1639461.69
41778,245,50$ to 200$,7/18/2013,10:37,D130092718A,3612 E WASHINGTON ST,NE20,NE,20,204911.92,1646897.43
41779,245,50$ to 200$,7/18/2013,13:50,D130092787A,1216 KAPPES ST,SW20,SW,20,179683.96,1640332.79
41780,245,50$ to 200$,7/18/2013,14:00,D130092917A,1701 BROADWAY ST,NE10,NE,10,193430.3,1654681.96
41781,245,50$ to 200$,7/18/2013,14:20,D130092931A,1409 WADE ST,SE20,SE,20,196258.51,1634520.25
41782,245,50$ to 200$,7/19/2013,11:30,D130093314A,6340 GATEWAY DR,NW30,NW,30,158309.14,1668852.78
41783,245,50$ to 200$,7/19/2013,12:00,D130093498A,310 W MICHIGAN ST,DT10,DT,10,188450.09,1648864.91
41784,245,50$ to 200$,7/19/2013,12:40,D130933009A,4813 OAKWOOD TR,NW60,NW,60,166819.4,1686776.17
41785,245,50$ to 200$,7/19/2013,13:00,D130093323A,9926 CATALINA DR,NE70,NE,70,236345.96,1668035.69
41786,245,50$ to 200$,7/19/2013,13:00,D130093343A,101 W WASHINGTON ST,DT30,DT,30,189318.14,1645983.1
41787,245,50$ to 200$,7/19/2013,18:00,D130093501A,627 DELRAY DR,SW80,SW,80,155020.82,1642476.15
41788,245,50$ to 200$,7/20/2013,10:27,D130093822A,PROSPECT ST & S RANDOLPH ST,SE10,SE,10,198294.39,1640840.38
41789,245,50$ to 200$,7/20/2013,16:15,D130093914A,1122 N DEARBORN ST,NE20,NE,20,203175.95,1651928.72
41790,245,50$ to 200$,7/20/2013,16:30,D130094292A,1525 SPRUCE ST,SE20,SE,20,196758.58,1638951.64
41791,245,50$ to 200$,7/20/2013,20:30,D130094385A,911 E 44TH ST,ND10,ND,10,194515.89,1671298.93
41792,245,50$ to 200$,7/21/2013,22:22,D130094473A,4457 N AUDUBON RD,ND30,ND,30,214723.92,1671754.01
41793,245,50$ to 200$,7/22/2013,2:00,D130095700A,3466 FALL CREEK PKWY N DR,ND10,ND,10,195642.28,1665356.44
41794,245,50$ to 200$,7/22/2013,12:00,D130096608A,2922 S HOLT RD,SW60,SW,60,170970.07,1629911.63
41795,245,50$ to 200$,7/22/2013,16:45,D130097041A,50 S KOWEBA LN,SE10,SE,10,199649.51,1646077.07
41796,245,50$ to 200$,7/22/2013,21:53,D130095752A,750 N LIVINGSTON AV,SW10,SW,10,171637.16,1650299.79
41797,245,50$ to 200$,7/23/2013,21:08,D130096241A,411 N GRAY ST,NE20,NE,20,202992.12,1648448.07
41798,245,50$ to 200$,7/24/2013,12:00,D130096610A,40 E ST CLAIR ST,DT20,DT,20,190287.76,1650220.17
41799,245,50$ to 200$,7/24/2013,20:00,D130099840A,10018 RIDGEFIELD DR,NE70,NE,70,237042.7,1664571.85
41800,245,50$ to 200$,7/25/2013,4:17,D130096904A,956 N KEALING AV,NE20,NE,20,205078.36,1651016.83
41801,245,50$ to 200$,7/25/2013,10:00,D130100481A,242 E MARKET ST,DT20,DT,20,191196.6,1646720.65
41802,245,50$ to 200$,7/25/2013,19:38,D130097284A,2100 E 10TH ST,NE20,NE,20,199234.47,1651381.09
41803,245,50$ to 200$,7/26/2013,19:17,D130098245A,7342 HEARTHSTONE WY,SE50,SE,50,204808,1607165.27
41804,245,50$ to 200$,7/26/2013,20:30,D130097896A,5230 W 30TH ST,NW30,NW,30,164393.12,1661760.22
41805,245,50$ to 200$,7/28/2013,12:00,D130098518A,4948 W RAYMOND ST,SW60,SW,60,165840.2,1634867.34
41806,245,50$ to 200$,7/29/2013,18:00,D130099235A,40 E ST CLAIR ST,DT20,DT,20,190287.76,1650220.17
41807,245,50$ to 200$,7/31/2013,11:30,D130099997A,W 25TH ST & DR M L KING JR ST,NW10,NW,10,186539.66,1659270.49
41808,245,50$ to 200$,7/31/2013,18:23,D130100193A,1707 N AUDUBON RD,NE30,NE,30,214691.62,1654644.39
41809,245,50$ to 200$,8/1/2013,0:30,D130100522A,W 38TH ST & N CAPITOL AV,ND10,ND,10,189077.27,1667290.47
41810,245,50$ to 200$,8/1/2013,16:25,D130100755A,6102 N RURAL ST,ND50,ND,50,201506.7,1682438.12
41811,245,50$ to 200$,8/2/2013,11:13,D130101081A,1500 N RITTER AVENUE,NE50,NE,50,212743.06,1653765.88
41812,245,50$ to 200$,8/3/2013,6:00,D130102331A,11857 SERENITY LN,NE60,NE,60,247443.49,1655136.09
41813,245,50$ to 200$,8/3/2013,12:00,D130103637A,1201 INDIANA AV,NW10,NW,10,184127.03,1652330.23
41814,245,50$ to 200$,8/4/2013,21:15,D130102169A,1306 S SHEFFIELD AV,SW20,SW,20,178640.85,1639709.68
41815,245,50$ to 200$,8/6/2013,5:00,D130102801A,1316 BRANDT DR,SW80,SW,80,156945.84,1639370.99
41816,245,50$ to 200$,8/8/2013,0:01,D130104335A,820 W 42ND ST,ND10,ND,10,185747.92,1669943.56
41817,245,50$ to 200$,8/10/2013,11:00,D130105215A,2725 W WASHINGTON ST,SW10,SW,10,176382.33,1645548.07
41818,245,50$ to 200$,8/11/2013,1:25,D130105459A,603 HOLLY AV,SW20,SW,20,183898.44,1642898.36
41819,245,50$ to 200$,8/11/2013,13:00,D130105721A,7236 W 10TH ST,NW70,NW,70,153428.65,1650904.25
41820,245,50$ to 200$,8/11/2013,21:00,D130105798A,3218 ELMHURST DR,NE30,NE,30,223114.47,1663389.61
41821,245,50$ to 200$,8/12/2013,15:02,D130106148A,51 N HAWTHORNE LN,NE50,NE,50,212385.71,1647891.83
41822,245,50$ to 200$,8/12/2013,99:99,D130113707A,702 BLAKE ST,DT10,DT,10,185385.64,1649935.49
41823,245,50$ to 200$,8/13/2013,12:25,D130106628A,4702 CRESTVIEW AV,ND10,ND,10,195646.15,1673157.34
41824,245,50$ to 200$,8/14/2013,9:01,D130107046A,105 N ELDER AV,SW10,SW,10,179935.25,1646712.46
41825,245,50$ to 200$,8/15/2013,13:58,D130107821A,2121 W MICHIGAN ST,SW10,SW,10,178694.68,1648715.77
41826,245,50$ to 200$,8/15/2013,15:00,D130107810A,2822 E WASHINGTON ST,NE20,NE,20,201917.15,1646681.15
41827,245,50$ to 200$,8/15/2013,16:30,D130107846A,1660 BELLEFONTAINE ST,NE10,NE,10,194396.38,1654437.49
41828,245,50$ to 200$,8/15/2013,19:12,D130107908A,8955 US 31 S,SE50,SE,50,198380.98,1598514.04
41829,245,50$ to 200$,8/16/2013,0:20,D130108040A,440 W 38TH ST,ND10,ND,10,187521.94,1667387.84
41830,245,50$ to 200$,8/16/2013,19:00,D130108458A,8441 ATHENS CT,NE70,NE,70,229095.72,1670721.04
41831,245,50$ to 200$,8/16/2013,23:00,D130108754A,8253 HARCOURT RD,ND70,ND,70,180216.17,1696747.82
41832,245,50$ to 200$,8/17/2013,11:30,D130109695A,2013 BELLEFONTAINE ST,NE10,NE,10,194435.94,1656103.36
41833,245,50$ to 200$,8/17/2013,15:00,D130108898A,5132 W 33RD ST,NW30,NW,30,165138.54,1663910.68
41834,245,50$ to 200$,8/17/2013,17:00,D130109414A,1611 N MERIDIAN ST,NE10,NE,10,190331,1654280.46
41835,245,50$ to 200$,8/18/2013,12:57,D130109218A,1631 N ROCHESTER AV,NW20,NW,20,172279.35,1654062.15
41836,245,50$ to 200$,8/19/2013,17:10,D130109859A,9101 W 10TH ST,SW80,SW,80,143285.52,1650735.25
41837,245,50$ to 200$,8/20/2013,17:05,D130110462A,9025 RUSHMORE BL,NW70,NW,70,143970.58,1651441.04
41838,245,50$ to 200$,8/20/2013,20:49,D130110567A,2713 N PARKER AV,NE10,NE,10,202364.9,1660129.99
41839,245,50$ to 200$,8/21/2013,17:43,D130111054A,4023 E 10TH ST,NE50,NE,50,206887.25,1651275.46
41840,245,50$ to 200$,8/21/2013,18:57,D130111115A,2407 APPLETON DR,SE50,SE,50,200507.77,1602731.62
41841,245,50$ to 200$,8/22/2013,0:01,D130111320A,1433 E VERMONT ST,NE20,NE,20,196734.78,1648051.41
41842,245,50$ to 200$,8/22/2013,5:40,D130111277A,2104 N CAPITOL AV,NW10,NW,10,188904.69,1656526.24
41843,245,50$ to 200$,8/22/2013,12:00,D130111485A,952 N DENNY ST,NE50,NE,50,206207,1651093.47
41844,245,50$ to 200$,8/23/2013,7:30,D130112255A,1236 W SUMNER AV,SW50,SW,50,183031.21,1627207.81
41845,245,50$ to 200$,8/23/2013,22:30,D130112577A,611 N CAPITOL AV,DT10,DT,10,189125.62,1649511.37
41846,245,50$ to 200$,8/23/2013,23:00,D130114002A,1201 INDIANA AV,NW10,NW,10,184127.03,1652330.23
41847,245,50$ to 200$,8/24/2013,1:30,D130112765A,3530 HYANNIS PORT DR,NW70,NW,70,153310.72,1665327.12
41848,245,50$ to 200$,8/24/2013,19:23,D130114358A,9130 MATTERHORN RD,NW70,NW,70,143475.08,1653315.86
41849,245,50$ to 200$,8/26/2013,8:03,D130113345A,2221 FAIRFAX RD,SE30,SE,30,199792.22,1618300.92
41850,245,50$ to 200$,8/26/2013,19:00,D130113753A,3931 N VINEWOOD AV,NW30,NW,30,159610.03,1668179.33
41851,245,50$ to 200$,8/27/2013,0:01,D130114369A,821 DR M L K,DT10,DT,10,187261.2,1650510.43
41852,245,50$ to 200$,8/27/2013,0:01,D130113990A,273 LEEDS AV,SE10,SE,10,201471.23,1644709.16
41853,245,50$ to 200$,8/27/2013,15:00,D130115720A,450 E NORTH ST,DT20,DT,20,192411.68,1649234.63
41854,245,50$ to 200$,8/28/2013,12:00,D130116462A,438 N TEMPLE AV,NE20,NE,20,200909.17,1648617.4
41855,245,50$ to 200$,8/28/2013,17:00,D130114904A,3826 ARBOR GREEN LN,ND50,ND,50,205826.24,1678288.91
41856,245,50$ to 200$,8/29/2013,19:30,D130115558A,3217 WINTON AV,NW30,NW,30,165326.64,1663413.93
41857,245,50$ to 200$,8/30/2013,8:30,D130115793A,2438 E WASHINGTON ST,NE20,NE,20,200584.88,1646646.61
41858,245,50$ to 200$,8/30/2013,15:00,D130129380A,257 S GRAY ST,SE10,SE,10,202989.05,1645094.57
41859,245,50$ to 200$,8/30/2013,21:10,D130116130A,2405 MADISON AV,SE20,SE,20,191000.88,1634224.58
41860,245,50$ to 200$,8/31/2013,13:15,D130116388A,6302 MONTEO LN,SW50,SW,50,182691.86,1612351.41
41861,245,50$ to 200$,9/1/2013,7:00,D130116699A,1138 S DREXEL AVE,SE10,SE,10,208790.14,1640345.2
41862,245,50$ to 200$,9/2/2013,0:01,D130117045A,139 S BUTLER AV,NE50,NE,50,211912.52,1646528.35
41863,245,50$ to 200$,9/2/2013,11:50,D130117148A,1550 N CUMBERLAND RD,NE60,NE,60,246401.19,1654152.21
41864,245,50$ to 200$,9/2/2013,13:10,D130117133A,3435 W 16TH ST,SW10,SW,10,173299.39,1653767.37
41865,245,50$ to 200$,9/2/2013,15:00,D130117645A,1006 HARDIN BL,SW60,SW,60,160234.4,1640897.08
41866,245,50$ to 200$,9/3/2013,13:23,D130117669A,E 38TH ST & N MITTHOEFER RD,NE70,NE,70,236960.06,1667579.34
41867,245,50$ to 200$,9/4/2013,3:00,D130118384A,3152 GERRARD AV,NW30,NW,30,164378.48,1662875.34
41868,245,50$ to 200$,9/4/2013,21:00,D130118655A,3572 S PENNSYLVANIA ST,SE30,SE,30,190344.13,1627424.7
41869,245,50$ to 200$,9/5/2013,18:00,D130119440A,440 N TEMPLE AV,NE20,NE,20,200909.02,1648653.46
41870,245,50$ to 200$,9/8/2013,11:00,D130120105A,225 S PARKER AV,SE10,SE,10,202402.42,1645230.16
41871,245,50$ to 200$,9/9/2013,9:00,D130120513A,334 MASSACHUSETTS AV,DT20,DT,20,191270.65,1648001.99
41872,245,50$ to 200$,9/9/2013,13:00,D130120567A,2934 N DEARBORN ST,NE10,NE,10,202864.25,1661733.61
41873,245,50$ to 200$,9/10/2013,13:44,D130121165A,5416 UNITY TR,NW80,NW,80,163434.42,1683145.22
41874,245,50$ to 200$,9/10/2013,19:00,D130121330A,2710 E NORTH ST,NE20,NE,20,201356.4,1649543.27
41875,245,50$ to 200$,9/10/2013,22:20,D130121446A,1027 N KEYSTONE AV,NE20,NE,20,200362.11,1651474.47
41876,245,50$ to 200$,9/10/2013,99:99,D130122433A,801 N SHORTRIDGE RD,NE50,NE,50,222991.55,1650747.54
41877,245,50$ to 200$,9/12/2013,11:52,D130122198A,4466 CENTRAL AV,ND10,ND,10,192365.98,1671882.44
41878,245,50$ to 200$,9/12/2013,12:00,D130122458A,3508 OPERA PL,NE70,NE,70,231445.12,1665513.56
41879,245,50$ to 200$,9/13/2013,8:00,D130122797A,217 ROCKSHIRE RD,SW80,SW,80,158841.97,1645176.11
41880,245,50$ to 200$,9/13/2013,23:00,D130123122A,4909 MOUNT VERNON DR,SE30,SE,30,193345.65,1619723.61
41881,245,50$ to 200$,9/14/2013,0:41,D130123063A,6617 E WASHINGTON ST,NE50,NE,50,219430.21,1647542.12
41882,245,50$ to 200$,9/14/2013,13:50,D130123223A,5314 OHMER AV,NE50,NE,50,212506.58,1645343.85
41883,245,50$ to 200$,9/15/2013,14:00,D130123746A,1018 E 91ST ST,ND70,ND,70,195052.95,1701848.88
41884,245,50$ to 200$,9/15/2013,17:30,D130123735A,8459 SMITHFIELD LN,SE40,SE,40,219878.37,1601480.84
41885,245,50$ to 200$,9/16/2013,10:40,D130127895A,310 W MICHIGAN ST,DT10,DT,10,188450.09,1648864.91
41886,245,50$ to 200$,9/16/2013,14:15,D130124184A,2201 E 10TH ST,NE20,NE,20,199617.54,1651345.19
41887,245,50$ to 200$,9/17/2013,17:30,D130124952A,4120 KALMAR DR,NW20,NW,20,169488.91,1661547.75
41888,245,50$ to 200$,9/18/2013,16:30,D130125428A,E 38TH ST & N MERIDIAN ST,ND10,ND,10,190406.26,1667264.47
41889,245,50$ to 200$,9/18/2013,99:99,D130131592A,1201 INDIANA AV,NW10,NW,10,184127.03,1652330.23
41890,245,50$ to 200$,9/21/2013,8:00,D130126694A,223 N LAWNDALE AV,SW60,SW,60,159698.63,1647258.03
41891,245,50$ to 200$,9/21/2013,13:37,D130126638A,8705 E 38TH ST,NE70,NE,70,230350.93,1667230.44
41892,245,50$ to 200$,9/24/2013,16:10,D130128062A,1605 N SHADELAND AV,NE30,NE,30,221682.86,1654134.69
41893,245,50$ to 200$,9/24/2013,19:00,D130128182A,E MICHIGAN ST & N TACOMA AV,NE20,NE,20,200591.06,1648842.52
41894,245,50$ to 200$,9/25/2013,8:15,D130128548A,520 E MARKET ST,DT20,DT,20,192734.51,1646798.38
41895,245,50$ to 200$,9/26/2013,22:44,D130129125A,1051 BROOKS ST,NW10,NW,10,185678.8,1651502.35
41896,245,50$ to 200$,9/29/2013,13:30,D130130237A,1750 ASBURY ST,SE20,SE,20,197948.62,1637865.26
41897,245,50$ to 200$,9/30/2013,12:00,D130131118A,1432 HOYT AV,SE10,SE,10,196368.4,1642538.15
41898,245,50$ to 200$,10/1/2013,10:00,D130131249A,8625 JAMAICA CT,NE60,NE,60,229738.85,1655934.11
41899,245,50$ to 200$,10/1/2013,20:00,D130132353A,4921 ORION AV,SE10,SE,10,210258.69,1645100.57
41900,245,50$ to 200$,10/1/2013,21:57,D130131344A,1877 S EAST ST,SE20,SE,20,192423.32,1637000.32
41901,245,50$ to 200$,10/2/2013,22:00,D130132311A,329 W 41ST ST,ND10,ND,10,188036.22,1669349.27
41902,245,50$ to 200$,10/4/2013,14:30,D130132771A,4107 BRENTWOOD DR,NE70,NE,70,232456.4,1669671.6
41903,245,50$ to 200$,10/5/2013,7:00,D130133095A,69 N IRVINGTON AV,NE50,NE,50,213006.31,1648060
41904,245,50$ to 200$,10/5/2013,12:15,D130133167A,1801 NOWLAND AV,NE20,NE,20,198340.94,1652774.84
41905,245,50$ to 200$,10/5/2013,16:02,D130133225A,1604 E 12TH ST,NE20,NE,20,197554.3,1652139.76
41906,245,50$ to 200$,10/5/2013,99:99,D130136610A,11217 FALL DR,NE60,NE,60,243716.26,1657855.22
41907,245,50$ to 200$,10/6/2013,12:30,D130133690A,3122 FISHER RD,SE40,SE,40,224418.06,1630031.37
41908,245,50$ to 200$,10/7/2013,12:30,D130134187A,1018 ST PAUL ST,SE10,SE,10,199601.45,1641381.91
41909,245,50$ to 200$,10/7/2013,15:00,D130134045A,3003 KESSLER BOULEVARD N DR,NW20,NW,20,175151.81,1661886.94
41910,245,50$ to 200$,10/9/2013,0:01,D130135013A,930 W 10TH ST,NW10,NW,10,185451.96,1651308.48
41911,245,50$ to 200$,10/10/2013,2:30,D130135454A,846 S BILTMORE AV,SW60,SW,60,163357.96,1641874.6
41912,245,50$ to 200$,10/10/2013,17:30,D130135651A,2636 W MICHIGAN ST,SW10,SW,10,176962.45,1649080.95
41913,245,50$ to 200$,10/11/2013,22:15,D130136268A,1152 LEXINGTON AV,SE10,SE,10,195315.85,1642212.54
41914,245,50$ to 200$,10/11/2013,99:99,D130136987A,6836 DECATUR RIDGE PL,SW70,SW,70,155465.78,1615926.12
41915,245,50$ to 200$,10/12/2013,13:00,D130136576A,4242 MOLLER RD,NW30,NW,30,162465.77,1670137.19
41916,245,50$ to 200$,10/12/2013,18:20,D130136616A,11225 FALL DR,NE60,NE,60,243787.76,1657856.1
41917,245,50$ to 200$,10/12/2013,19:45,D130136603A,5122 WINTERBERRY DR,NW80,NW,80,164804.99,1679535.35
41918,245,50$ to 200$,10/13/2013,99:99,D130138562A,5380 N COLLEGE AV,ND50,ND,50,193443.55,1676664.18
41919,245,50$ to 200$,10/14/2013,0:43,D130137192A,6049 WINDSOR DR,NE30,NE,30,216762.81,1657391.49
41920,245,50$ to 200$,10/15/2013,0:01,D130141060A,1503 N PENNSYLVANIA ST,NE10,NE,10,190759.35,1653732.74
41921,245,50$ to 200$,10/15/2013,16:30,D130137953A,849 E PLEASANT RUN PKWY S DR,SE20,SE,20,194260.1,1636227.79
41922,245,50$ to 200$,10/17/2013,15:10,D130138864A,2228 N HARDING ST,NW10,NW,10,181632.11,1657635.39
41923,245,50$ to 200$,10/18/2013,0:01,D130139246A,5402 E TERRACE AV,SE10,SE,10,212881.49,1639742.46
41924,245,50$ to 200$,10/18/2013,20:00,D130139470A,5957 DEVINGTON RD,ND30,ND,30,215906.49,1673917.38
41925,245,50$ to 200$,10/19/2013,12:00,D130139758A,5820 E 82ND ST,ND60,ND,60,215187.4,1696415.36
41926,245,50$ to 200$,10/20/2013,19:00,D131340215A,2316 HOYT AV,SE10,SE,10,199740.44,1642688.14
41927,245,50$ to 200$,10/21/2013,12:13,D130140441A,6010 LAKEVIEW DR,SW60,SW,60,159828.15,1648781.71
41928,245,50$ to 200$,10/21/2013,18:15,D130142235A,5420 E 38TH ST,ND30,ND,30,212993.85,1667398.99
41929,245,50$ to 200$,10/22/2013,17:00,D130141098A,E 96TH ST & N PENNSYLVANIA ST,ND70,ND,70,191028.91,1704489.01
41930,245,50$ to 200$,10/30/2013,20:30,D130144582A,4902 E 12TH ST,NE50,NE,50,209851.2,1652129.9
41931,245,50$ to 200$,11/1/2013,8:00,D130146514A,947 PROSPECT ST,SE10,SE,10,194173.06,1640791.78
41932,245,50$ to 200$,11/3/2013,19:00,D130146299A,2902 E NORTH ST,NE20,NE,20,201983.2,1649549.36
41933,245,50$ to 200$,11/4/2013,17:00,D130147110A,1 VIRGINIA AV,DT40,DT,40,190448.34,1646092.18
41934,245,50$ to 200$,11/5/2013,12:00,D130148166A,412 CANAL CT S DR,DT10,DT,10,187736.59,1649918.18
41935,245,50$ to 200$,11/9/2013,23:00,D130149409A,430 MASSACHUSETTS AV,DT20,DT,20,191679.49,1648445.57
41936,245,50$ to 200$,11/19/2013,21:15,D130153492A,2001 W WASHINGTON ST,SW10,SW,10,179224.85,1645641.56
41937,245,50$ to 200$,11/20/2013,20:00,D130153918A,2340 HILLSIDE AV,NE10,NE,10,199411.99,1658535.2
41938,245,50$ to 200$,11/20/2013,22:10,D130154188A,4023 E 10TH ST,NE50,NE,50,206887.25,1651275.46
41939,245,50$ to 200$,11/23/2013,8:00,D130155144A,1622 E PALMER ST,SE20,SE,20,197255.08,1638634.79
41940,245,50$ to 200$,11/23/2013,20:00,D130155138A,3340 CARROLLTON AV,ND10,ND,10,194111.95,1664267.94
41941,245,50$ to 200$,11/25/2013,11:00,D130155645A,911 VILLA AV,SE10,SE,10,198646.54,1641817.85
41942,245,50$ to 200$,12/4/2013,11:15,D130159136A,575 N PENNSYLVANIA ST,DT20,DT,20,190804.23,1649017
41943,245,50$ to 200$,12/6/2013,21:00,D130160398A,2638 COLLIER ST,SW60,SW,60,169311.47,1631813.48
48712,255,Under 50$,1/12/2013,12:00,D140003260A,1409 FLETCHER AV,SE10,SE,10,196236.35,1642822.33
48713,255,Under 50$,1/19/2013,13:50,D130008363A,8223 BARRY RD,NE60,NE,60,227991.57,1659397.44
48714,255,Under 50$,2/8/2013,22:00,D130017523A,933 S KIEL AV,SW60,SW,60,160454.5,1641199.97
48715,255,Under 50$,3/20/2013,19:25,D130034672A,3402 E 10TH ST,NE20,NE,20,204010.38,1651412.75
48716,255,Under 50$,4/6/2013,18:00,D130042483A,520 E MARKET ST,DT20,DT,20,192734.51,1646798.38
48717,255,Under 50$,4/6/2013,21:30,D130042516A,4317 E WASHINGTON ST,SE10,SE,10,207754.77,1647030.04
48718,255,Under 50$,4/13/2013,19:10,D130045733A,245 N DELAWARE ST,DT20,DT,20,191117.59,1647624.44
48719,255,Under 50$,4/23/2013,17:00,D130050486A,2245 SHELBY ST,SE20,SE,20,195065.51,1635003.59
48720,255,Under 50$,5/30/2013,0:01,D130068561A,402 S RURAL ST,SE10,SE,10,201577.71,1644179.63
48721,255,Under 50$,5/31/2013,20:30,D130070354A,S CAPITOL AV & W MARYLAND ST,DT30,DT,30,188904.42,1645739.13
48722,255,Under 50$,6/15/2013,14:00,D130076634A,W 30TH ST & GEORGETOWN RD,NW30,NW,30,167051.41,1661770.36
48723,255,Under 50$,6/17/2013,17:00,D130077758B,4846 PENDRAGON BL,NW60,NW,60,166595.86,1685468.61
48724,255,Under 50$,6/24/2013,22:30,D130082170A,1017 N TEMPLE AV,NE20,NE,20,201354.78,1651571.86
48725,255,Under 50$,6/28/2013,12:00,D130083234A,3440 W 12TH ST,SW10,SW,10,173353.06,1652547.86
48726,255,Under 50$,7/4/2013,18:15,D130086040A,2122 E 10TH ST,NE20,NE,20,199452.72,1651471.17
48727,255,Under 50$,7/12/2013,17:30,D130089935A,4625 MELROSE AV,SW60,SW,60,167448.76,1636451.94
48728,255,Under 50$,7/16/2013,12:00,D130093334A,4821 E WASHINGTON ST,SE10,SE,10,209530.14,1647141.28
48729,255,Under 50$,7/21/2013,2:40,D130094397A,6447 W WASHINGTON ST,SW80,SW,80,157697.33,1638711.46
48730,255,Under 50$,7/24/2013,8:30,D130096408A,E NEW YORK ST & N RURAL ST,NE20,NE,20,201646.1,1647893.45
48731,255,Under 50$,8/14/2013,14:30,D130107385A,803 W 10TH ST,DT10,DT,10,185891.71,1651271.73
48732,255,Under 50$,8/26/2013,20:00,D130114016A,530 E OHIO ST,DT20,DT,20,192884.22,1647304.26
48733,255,Under 50$,8/28/2013,0:01,D130114539A,3303 W 10TH ST,SW10,SW,10,174426.6,1651136.22
48734,255,Under 50$,8/28/2013,8:00,D130115172A,4755 KINGSWAY DR,ND50,ND,50,200595.49,1673788.13
48735,255,Under 50$,9/8/2013,1:00,D130120133A,1127 N TACOMA AV,NE20,NE,20,200805.12,1651904.52
48736,255,Under 50$,9/24/2013,0:01,D130127825A,4609 E WASHINGTON ST,SE10,SE,10,208816.76,1646998.41
48737,255,Under 50$,9/25/2013,23:58,D130128765A,4923 ROCKVILLE RD,SW60,SW,60,165606.86,1645550.81
48738,255,Under 50$,9/30/2013,18:47,D130130762A,1148 SHARON AV,SW10,SW,10,175826.01,1652157.25
48739,255,Under 50$,10/1/2013,12:00,D130131313A,366 WICHSER AV,SW60,SW,60,169407.04,1643700.43
48740,255,Under 50$,10/5/2013,12:08,D130133142A,2710 BETHEL AV,SE20,SE,20,201395.56,1637721.23
48741,255,Under 50$,11/11/2013,19:00,D130149874A,6030 E 21ST ST,NE30,NE,30,216743.8,1656764.97
